Peptide,ImmunogenicityScore,ImmunogenicityScore.cv
AAGIGILTV,0.75784,0.0435109435407936
AAPPPQRAA,0.55136,0.0677792278264016
AIIDPLIYA,0.49088,0.0704031818071017
AILIRVRNA,0.50392,0.0683455183932368
AIMDKTIIL,0.36464,0.255329594660947
AIMEKNIVL,0.58448,0.250960474353386
AIYDTMQYV,0.49,0.0545576534850705
ALAYGIDKV,0.52568,0.0583303830019132
ALIAPVHAV,0.57088,0.0645202463746741
ALIHHNTHL,0.67024,0.0776048047131087
ALLWAAGVL,0.55768,0.0556902995911165
ALMDKSLHV,0.48664,0.0433112807913455
ALWMRLLPL,0.426,0.0801452134129993
ALYNTVATL,0.7876,0.0444025100305884
AMDSNTLEL,0.44968,0.0805974655372272
AMQSYTWSL,0.486,0.0816589910822404
ASKNKEKAL,0.46368,0.0942839425098739
AVIDAYTEI,0.49768,0.054507623309193
AVLVVMACL,0.41728,0.104879372138634
CINGVCWSV,0.91048,0.0209189213110536
CLGALLTMV,0.76288,0.0965957639223746
CLGGLITMV,0.74816,0.0522415465936914
CLLPKMDSV,0.48368,0.0610366255382528
CQLVLHQIL,0.50488,0.043710744480766
CQNGACWTS,0.59008,0.0573234717622428
CVNGSCFTV,0.60896,0.0440747692531077
DLGYDYSYL,0.45584,0.0697636192540229
DVVNGLANL,0.58024,0.0506808021478907
EIINNITAV,0.48072,0.0508679078190585
FAIIAIVFV,0.32864,0.185061579522668
FANNKFTLV,0.3944,0.105875342043788
FAVQTIVFI,0.39112,0.141987148704427
FIFSYVVAV,0.41632,0.0714391656004485
FIIDNFGSV,0.42656,0.0691548680990982
FLARLHAAA,0.568,0.0436487182671057
FLAYYPPMM,0.48416,0.0639386332200649
FLDTVYTII,0.4476,0.0641447848753317
FLGGGGAGI,0.65448,0.10825787951191
FLHYCNSYA,0.50512,0.061786110811862
FLIYLDVSV,0.40208,0.0596633558549993
FLLLTSIPI,0.52568,0.0739345673749885
FLSGAVNRL,0.57488,0.0431038851071996
FLSLMSLSI,0.49288,0.0617183298963345
FLVGQLFTF,0.57648,0.0572025967940029
FQGRGVFEL,0.54624,0.058451725434981
FQQPQFQYL,0.47008,0.0652850464260334
FQSLTIFST,0.42832,0.0663055659320134
FTFSDVINI,0.43072,0.0542647631922844
FTNLITLAV,0.50136,0.0703373526939181
FVARVFLGL,0.49248,0.0460993544497833
FVFDRPLPV,0.46176,0.0568220291449948
FVFILTAIL,0.26936,0.119815174013301
FVNYDFALV,0.51912,0.0710840059344313
GAASGPKVV,0.45104,0.102404342288582
GAATGIAAV,0.6204,0.0976031706672305
GGPNLDNIL,0.50824,0.0651315661477807
GLADTVVAC,0.51568,0.0745573095964944
GLGQVPLIV,0.5504,0.0650358224741221
GLLLGCFWV,0.4444,0.0544411860534775
GLYYLTTEV,0.48472,0.0556752566581355
GMGPSLIGL,0.5724,0.0607454180667844
GMSRIGMEV,0.56184,0.0395984553688753
GTHTMEVTV,0.47792,0.0662279158858608
GTLGFVFTL,0.67528,0.0466248240032178
HLVEALYLV,0.54352,0.0397494648469068
IIFFIVLIL,0.0172,0.463903457503326
IIYTCINFI,0.39744,0.0853316361712628
ILAIIFLVL,0.06712,0.249462963837319
ILEETSVML,0.79016,0.128996593611438
ILGALLSIL,0.68992,0.040683340319562
ILLAELEQL,0.648,0.0497510696116263
ILLSCIHTT,0.44272,0.0677614142707033
ILPSKSLEV,0.47392,0.0639256715348887
IMDFIGPYI,0.51104,0.0546283240063204
IMEYHLLFA,0.37776,0.0593960945122055
IMSGEVPSM,0.43312,0.06600828538328
IMSSFEFQV,0.44568,0.0616208658273029
ITMSAFLIV,0.48544,0.0700347045513374
IVAPYIALL,0.5348,0.0561476531966888
KFFAYLTLA,0.45504,0.0555683734627084
KIDDMIEEV,0.52608,0.0910524442287899
KIIQRVQDL,0.5276,0.0592134167998988
KISEYRHYC,0.49264,0.0648261968616082
KLFNVTLNA,0.54808,0.0589199147220813
KLFTDNNFL,0.4168,0.0706857958860664
KLIPSWASV,0.61264,0.0402230349926673
KLKDVLLQV,0.54864,0.0608235750733441
KLLSHFYPA,0.5668,0.0872744545238647
KLLWFLTGT,0.44952,0.0633818344276015
KLQCVDLHV,0.56552,0.0615207006355828
KLSDSKITV,0.42104,0.098940272640498
KLSEQVVLT,0.55992,0.0642078570268977
KLTPLCVSL,0.60008,0.045854786828802
KLWASPLHV,0.61848,0.0417398153155206
KMVAVFYNT,0.59936,0.131904797422108
KQDFSVPQL,0.4664,0.0514579759862779
LAAPPPQRA,0.62064,0.0758921981625268
LIMYSVIGV,0.44528,0.0732077680247935
LIVGIIFTA,0.50424,0.0842041058588098
LIVRYLIQV,0.39816,0.111379382641994
LLDEKGPEV,0.45192,0.103398532118196
LLFGYAVYV,0.5832,0.047291128471508
LLFGYPRYV,0.51256,0.0733939238946152
LLFILFYFA,0.10216,0.171315769114441
LLFIQGYSI,0.4728,0.0460157046589981
LLIGICVAV,0.3744,0.0654425764456448
LLIKKLPRV,0.40392,0.143517929869408
LLLAEPFPV,0.54552,0.0604490266164518
LLLAVAVYA,0.59752,0.0719464722044705
LLLFLTIFI,0.11712,0.215218138718417
LLLLIYLYL,0.17352,0.180081988192066
LLLLLLPPA,0.35184,0.217330332551885
LLMLVTPSM,0.51584,0.0888647868227936
LLMWEAVTV,0.5788,0.0367858083913184
LLPPELSET,0.51496,0.0741584870876263
LLSIVPCTV,0.57712,0.0685406929906133
LLTEVETYV,0.57504,0.0508405792813964
LLYAHINAL,0.46992,0.0625686659138912
LMIAHRVLL,0.45752,0.0773510243678929
LMLIWYRPV,0.36856,0.0646743725602128
LMVPHSPSL,0.59,0.0500311116459445
LTSCGSSPV,0.4408,0.105043892039839
LVEKVLKIL,0.51496,0.0754356921920558
LVLMAVVLA,0.31416,0.202628376024873
LVLPLVMGV,0.6268,0.0616867100484404
MALIGDSTV,0.49744,0.0666791188865824
MLGTHTMEV,0.53904,0.0580469258136077
MLLDKNIPI,0.54768,0.0672169941502433
MLLKHDVSL,0.55768,0.0537213199916508
MMMKWIISI,0.44416,0.0800335789201321
MMWDRGLGM,0.5388,0.059226680584737
MPNDPNRNV,0.58328,0.184326831207913
MTEQTDEAV,0.36592,0.11399002378437
MTYAAPLFV,0.552,0.0693077840368334
NGIALSLGG,0.72312,0.0699061963997933
NISTILYFT,0.38048,0.0728566806555429
NLAQDLATV,0.49472,0.0641532277402419
NLATSIYTI,0.5864,0.0510837697559367
NLFTFLHEI,0.45192,0.068815711035338
NMYNVSMAV,0.53536,0.0679389269570374
PLDCVLYRY,0.48112,0.0506581773384213
PLLIPTSKL,0.52752,0.0651299247171375
QIFEVYWYL,0.42144,0.101667386794009
QVHSSLSVV,0.52184,0.0573814725500932
QVSIIQEKL,0.5124,0.0800631986602889
RALSLAAVL,0.60168,0.0796188089473628
RILPYTFKI,0.47072,0.0633519325037555
RLIQNSITI,0.50288,0.0682806191089269
RLLSPTTIV,0.55568,0.0524429417992744
RLNTVLATA,0.61184,0.0409248096943539
RLQRRRETQ,0.53424,0.0748986053873658
RMILYLESV,0.43088,0.0688610776241677
RMLGDVMAV,0.55216,0.0401158994319354
RPPIFIRRL,0.46808,0.062010202758102
RTYWIIIEL,0.36072,0.0943901001538892
SALILRGSV,0.49272,0.0728556716190635
SASLVTVAV,0.55064,0.0668559938421146
SLAGFVRML,0.59616,0.0546373215415203
SLAGGIIGV,0.75,0.0465522406669229
SLCKVIPYL,0.4844,0.0541882937589046
SLDLAEQEL,0.5308,0.0763793502766542
SLDSLVHLL,0.58328,0.0402423144021764
SLIYRRRLM,0.48464,0.0860519074602474
SLKDVLVSV,0.54576,0.0585987019749988
SLLMWITQA,0.71816,0.112704888175693
SLLQGSPHV,0.74896,0.158623324644423
SLMAFTASV,0.61712,0.0785091414984501
SLMSGVEPL,0.49112,0.0597476296984617
SLQQEITLL,0.5544,0.0584667906740895
SLSSQLSNL,0.46072,0.0735511311545242
SLSVVRPMT,0.54992,0.0550910209736224
SLVEELKKV,0.57488,0.0603838957940715
SLWGGDVVL,0.52584,0.0409631070956636
SLYADSPSV,0.47064,0.0706488248063681
SLYNTIATL,0.7492,0.0407337885682385
SLYNTVAVL,0.65144,0.06996195671898
SMAGSSAMI,0.54024,0.0728697626892943
SMLGIWFFT,0.37176,0.125749649831109
SMTSPSPVT,0.5332,0.0714157267991739
SQKRSFVYV,0.37336,0.0741887118551011
SVYDFFVWL,0.33648,0.13360845113167
TIPEALAAV,0.60824,0.0610627599805522
TLACFAVYT,0.54496,0.0677883448744978
TLEDLLMGT,0.6032,0.0493464060548317
TLEGFASPL,0.48056,0.0530463615712481
TLFIGSHVV,0.47096,0.0622694890938505
TLHNRGWRV,0.56656,0.0557830239854853
TLKKYFIPV,0.37768,0.0775368708759729
TLLGLILFV,0.24872,0.156628852247199
TLQPVERVL,0.55288,0.0527333540735784
TLREYILDL,0.56088,0.0503135272589341
TMLELLTQL,0.50824,0.0603815632078364
TMYYKDVTV,0.43376,0.0696262996417145
TQKCEIFNV,0.53856,0.0567214161952617
TVCGGIMFL,0.6308,0.0528244524798432
VIADYNYKL,0.48272,0.0553788988755675
VIGDQYVKV,0.47704,0.0693153534991044
VIWVNNTII,0.41728,0.0957677864571322
VLAGWLFHV,0.55512,0.0567762179761125
VLESCWPDV,0.60688,0.0513643487663086
VLFGLGFAI,0.69192,0.0329407971917987
VLFLLVIGA,0.15032,0.14628790397977
VLGRLDQKL,0.57824,0.0479086667281958
VLLHAVYSI,0.4688,0.0684479938358866
VLLPSLFLL,0.53096,0.0467078499321983
VLMFLLFYV,0.16768,0.169195146129198
VLMIKALEL,0.4904,0.0782088454762035
VLVVMACLV,0.4168,0.0854679132944188
VTAQVVLQA,0.4728,0.0920881013518169
VTLDIVQGI,0.51936,0.0693224991894382
VVAASIIGI,0.53936,0.085062410702591
VVMTSLALV,0.51928,0.0583564842662417
VVTGVLVYL,0.5848,0.0592274359866162
WAFSAIGNV,0.61184,0.0464100738033298
WILRGTSFV,0.52152,0.0645448913585706
WLGTANNPV,0.50168,0.0726638280677089
WLIGFDFDV,0.50792,0.0502012821567391
WSWLLGAAM,0.55496,0.0779296040197985
YELSKINPT,0.53576,0.0632625781633079
YIYYFFIRL,0.24496,0.121903404144038
YLAEADLSY,0.45624,0.11061912215482
YLAKLTALV,0.53976,0.0519445564884691
YLALLEACL,0.64472,0.0487115451778791
YLFNWAVRT,0.51176,0.0585269246501806
YLLFGIKCI,0.47072,0.0560574666820257
YLSEGDMAA,0.50664,0.0827165585532793
YLSIYGFGV,0.60792,0.0472808908205332
YLSQIAVLL,0.5036,0.0847284963341249
YLYALYSPL,0.50952,0.0630620915739832
YMDLSYHGV,0.50464,0.0761887420893902
YMSTTIIAA,0.5624,0.0751932616846754
YTFLYNFWT,0.37264,0.103988138108346
YTSEILSPI,0.47168,0.0735404465055963
YVNAILYQI,0.46088,0.0682938754267038
