HLA_allele	Norm_peptide	Norm_MHCrank_EL	Mut_peptide	Peptide_length	Mut_MHCrank_EL	Gene_ID	Transcript_ID	Amino_Acid_Change	Mismatches	peptide_position	Chr	Genomic_Position	Protein_position	Mutation_Consequence	Cancer_Driver_Gene	Proteome_Peptide_Match	Mutant_affinity_score	Normal_affinity_score	Affinity_Delta	priority_Score	Priority_Recalculated	mut_id	SourceGATK4	SourceStrelka	Patient	Gene	Mut_ID	tcell_response_old	chr_ucsc	imm.prob	Antigen_ID	tcell_response_updatedNov19
HLA-A02:01	.........R	9.7189	FLEEIILKSL	10	0.3277	ENSG00000145734	ENST00000514903	R/L	1	10	5	71553194	552	M	No	No	0.999766361	1.73e-17	0.999766361	100	99.97663569	chr5.71553194.G>T	NA	Strelka	HGG2	BDP1	chr5.71553194.G>T	not_detected	chr5	0.806999593	H2A1	not_detected
HLA-A02:01	.P.......	21.6794	FLRESQNPL	9	0.5335	ENSG00000198785	ENST00000361820	P/L	1	2	9	101737294	229	M	No	No	0.999346491	1.85e-43	0.999346491	100	99.93464865	chr9.101737294.G>A	GATK4	Strelka	HGG2	GRIN3A	chr9.101737294.G>A	not_detected	chr9	0.433025213	H2A2	not_detected
HLA-A02:01	.P........	9.4246	GLALGTPLSI	10	0.5356	ENSG00000178171	ENST00000321420,ENST00000423981	P/L	1	2	2	130763424	451451	M	No	No	0.999339597	7.55e-17	0.999339597	100	99.93395931	chr2.130763424.C>T	GATK4	Strelka	HGG2	AMER3	chr2.130763424.C>T	not_detected	chr2	0.867884833	H2A3	not_detected
HLA-A02:01	.P.......	24.4675	GLAVNLSQI	9	0.5529	ENSG00000109265	ENST00000264229,ENST00000504228,ENST00000541073	P/L	1	00:00	4	56315319	606606599	M	No	No	0.999279972	1.63e-49	0.999279972	100	99.92799678	chr4.56315319.C>T	GATK4	Strelka	HGG2	KIAA1211	chr4.56315319.C>T	not_detected	chr4	0.463395515	H2A4	not_detected
HLA-A02:01	D.........	4.6787	GNLPDIEVRL	10	0.5854	ENSG00000264058	ENST00000476049	D/G	1	00:00	17	40656487	268	M	No	No	0.999153032	1.53e-6	0.999151507	100	99.91522657	chr17.40656487.T>C	NA	Strelka	HGG2	RP5	chr17.40656487.T>C	not_detected	chr17	0.440321242	H2A5	not_detected
HLA-A02:01	..R......	2.9866	LLQDGRTLI	9	0.7658	ENSG00000175324	ENST00000311351,ENST00000520755,ENST00000523511	R/Q	1	3	8	38172012	232323	M	No	No	0.99791521	0.00715	0.990761892	99	99.43460033	chr8.38172012.C>T	NA	Strelka	HGG2	LSM1	chr8.38172012.C>T	not_detected	chr8	0.633880248	H2A6	not_detected
HLA-A02:01	..T.......	11.5903	KEMTDITIKA	10	1.21	ENSG00000164199	ENST00000405460	T/M	1	00:00	5	90674196	1691	M	No	No	0.981109038	1.5e-21	0.981109038	98	98.1109034	chr5.90674196.C>T	GATK4	Strelka	HGG2	ADGRV1	chr5.90674196.C>T	positive	chr5	0.150959307	H2A7	not_detected
HLA-A02:01	.V.......	6.8139	TLCVADFGL	9	1.3231	ENSG00000092445	ENST00000263798,ENST00000559066,ENST00000568343	V/L	1	00:00	15	41573327	669624146	M	No	No	0.967216595	3.52e-11	0.967216594	97	96.72165905	chr15.41573327.G>T	GATK4	NA	HGG2	TYRO3	chr15.41573327.G>T	positive	chr15	0.947608061	H2A8	not_detected
HLA-A02:01	..P...S..	14.8885	RLWPSSWVS	9	1.3664	ENSG00000171873	ENST00000379453	G/X	2	01:09	20	4247981	326	F	No	No	0.959612142	1.03e-28	0.96	96	95.96121385	NA	GATK4	NA	HGG2	ADRA1D	NA	not_detected	chr20	0.902372279	H2A9	not_detected
HLA-A02:01	.....T...	2.5251	VLAADIQQC	9	1.0462	ENSG00000188738	ENST00000343098,ENST00000424728	T/I	1	00:00	2	185738977	11728	M	No	No	0.991582589	0.067515206	0.924	96	95.81091342	chr2.185738977.C>T	NA	Strelka	HGG2	FSIP2	chr2.185738977.C>T	not_detected	chr2	0.572868826	H2A10	not_detected
HLA-A02:01	.P.........	26.4576	FLRESQNPLHL	11	1.4107	ENSG00000198785	ENST00000361820	P/L	1	2	9	101737294	229	M	No	No	0.950097808	7.78e-54	0.950097808	95	95.00978038	chr9.101737294.G>A	GATK4	Strelka	HGG2	GRIN3A	chr9.101737294.G>A	not_detected	chr9	0.571001222	H2A11	not_detected
HLA-A02:01	.A........	6.1907	AVEDELLQAV	10	1.4564	ENSG00000234438	ENST00000432196	A/V	1	2	15	65077036	74	M	No	No	0.938080464	7.94e-10	0.938080464	94	93.80804602	chr15.65077036.C>T	GATK4	Strelka	HGG2	KBTBD13	chr15.65077036.C>T	not_detected	chr15	0.134799534	H2A12	not_detected
HLA-A02:01	.I.......	2.3953	TMLISILKL	9	0.7696	ENSG00000185127	ENST00000332290	I/M	1	2	6	169702993	178	M	No	No	0.997875305	0.121692435	0.87618287	94	93.71583633	chr6.169702993.A>G	GATK4	Strelka	HGG2	C6orf120	chr6.169702993.A>G	positive	chr6	0.789144659	H2B1	not_detected
HLA-A02:01	........I.	2.646	YILVDIDDTF	10	1.4255	ENSG00000272916	ENST00000603027	I/T	1	9	10	73807430	320	M	No	No	0.94647015	0.038052247	0.908417903	93	92.84624886	chr10.73807430.A>G	GATK4	Strelka	HGG2	RP11	chr10.73807430.A>G	not_detected	chr10	0.321478587	H2B2	not_detected
HLA-A02:01	.N.......	14.1437	KTLSHLQTL	9	1.5085	ENSG00000134061	ENST00000256447	N/T	1	00:00	5	67183662	394	M	No	No	0.921108184	4.27e-27	0.921108184	92	92.11081804	chr5.67183662.T>G	GATK4	Strelka	HGG2	CD180	chr5.67183662.T>G	positive	chr5	0.464644851	H2B3	not_detected
HLA-A02:01	..P.P...	2.1277	RLWPSSWV	8	0.7765	ENSG00000171873	ENST00000379453	G/X	2	0.047222222	20	4247981	326	F	No	No	0.997800888	0.346	0.652215193	91	91.15944557	NA	GATK4	NA	HGG2	ADRA1D	NA	positive	chr20	0.947973408	H2B4	positive
HLA-A02:01	.P.......	30.7778	NLAEAQSAA	9	1.5451	ENSG00000106070	ENST00000335866,ENST00000357271,ENST00000398810,ENST00000398812,ENST00000401949,ENST00000402497,ENST00000402578,ENST00000403097,ENST00000406641,ENST00000407526	P/L	1	2	7	50605336	39e28	M	No	No	0.906743005	3.23e-63	0.906743005	91	90.67430017	chr7.50605336.G>A	GATK4	Strelka	HGG2	GRB10	chr7.50605336.G>A	not_detected	chr7	0.044943479	H2B5	not_detected
HLA-A02:01	.....R...	2.9787	FVMRNHDVV	9	1.5389	ENSG00000113600	ENST00000263408	R/H	1	6	5	39311316	311	M	No	No	0.909331523	0.007439384	0.901892139	91	90.59490864	chr5.39311316.C>T	GATK4	Strelka	HGG2	C9	chr5.39311316.C>T	not_detected	chr5	0.341015958	H2B6	not_detected
HLA-A02:01	.......I.	2.9451	HQFNLAETL	9	1.592	ENSG00000105556	ENST00000264819	I/T	1	8	19	334497	49	M	No	No	0.884933268	0.00878836	0.876144908	88	88.10447084	chr19.334497.A>G	GATK4	Strelka	HGG2	MIER2	chr19.334497.A>G	not_detected	chr19	0.322731673	H2B7	not_detected
HLA-A02:01	.........E	31.7941	QVFDFKLSDV	10	1.62	ENSG00000227471	ENST00000423958,ENST00000457545	E/V	1	10	7	134577729	312312	M	No	No	0.869891526	2.01e-65	0.869891526	87	86.98915221	chr7.134577729.A>T	GATK4	Strelka	HGG2	AKR1B15	chr7.134577729.A>T	not_detected	chr7	0.298281732	H2B8	not_detected
HLA-A02:01	.......V.	2.2217	LLALMTVAM	9	1.4034	ENSG00000160013	ENST00000291294,ENST00000596260,ENST00000598865	V/A	1	8	19	46623486	24724735	M	No	No	0.951800188	0.248150641	0.703649547	83	83.37052711	chr19.46623486.A>G	GATK4	Strelka	HGG2	PTGIR	chr19.46623486.A>G	not_detected	chr19	0.982679764	H2B9	not_detected
HLA-A02:01	.P........	29.275	NLAEAQSAAL	10	1.7272	ENSG00000106070	ENST00000335866,ENST00000357271,ENST00000398810,ENST00000398812,ENST00000401949,ENST00000402497,ENST00000402578,ENST00000403097,ENST00000406641,ENST00000407526	P/L	1	2	7	50605336	39e28	M	No	No	0.796409033	5.93e-60	0.796409033	80	79.64090302	chr7.50605336.G>A	GATK4	Strelka	HGG2	GRB10	chr7.50605336.G>A	not_detected	chr7	0.069506882	H2B10	not_detected
HLA-A02:01	..T.......	2.76	LVSDVSVDSV	10	1.7411	ENSG00000110799	ENST00000261405	T/S	1	3	12	6016143	1801	M	No	No	0.784907887	0.021881271	0.763026616	78	77.63204926	chr12.6016143.T>A	GATK4	Strelka	HGG2	VWF	chr12.6016143.T>A	not_detected	chr12	0.058685258	H2B11	not_detected
HLA-A02:01	.......V...	2.5034	MLAEDMTLCVA	11	1.7401	ENSG00000092445	ENST00000263798,ENST00000559066,ENST00000568343	V/L	1	8	15	41573327	669624146	M	No	No	0.785750822	0.074674977	0.711	76	75.64128566	chr15.41573327.G>T	GATK4	NA	HGG2	TYRO3	chr15.41573327.G>T	not_detected	chr15	0.99283804	H2B12	not_detected
HLA-A02:01	..E......	4.9856	KLDYLEEKA	9	1.7785	ENSG00000164309	ENST00000446378	E/D	1	3	5	79737699	2978	M	No	No	0.75166274	3.29e-7	0.752	75	75.16626138	chr5.79737699.A>T	GATK4	Strelka	HGG2	CMYA5	chr5.79737699.A>T	not_detected	chr5	0.113933424	H2C1	not_detected
HLA-A02:01	...R.....	1.994	VLLQDGRTL	9	1.058	ENSG00000175324	ENST00000311351,ENST00000520755,ENST00000523511	R/Q	1	4	8	38172012	232323	M	No	No	0.991075585	0.507499438	0.484	74	73.95904308	chr8.38172012.C>T	NA	Strelka	HGG2	LSM1	chr8.38172012.C>T	not_detected	chr8	0.679281577	H2C2	not_detected
HLA-A02:01	.V.........	2.1806	AALAGGLYEYV	11	1.6846	ENSG00000171885	ENST00000383168,ENST00000440832,ENST00000581374,ENST00000622234	V/A	1	2	18	26856458	242220000000	M	No	No	0.828779225	0.288434387	0.540344838	71	70.92550084	chr18.26856458.A>G	GATK4	Strelka	HGG2	AQP4	chr18.26856458.A>G	positive	chr18	0.729513419	H2C3	positive
HLA-A02:01	........M	1.933	YITAAYVEV	9	0.2713	ENSG00000166508	ENST00000303887,ENST00000354230,ENST00000621318	M/V	1	9	7	100094259	588412412	M	No	No	0.999823762	0.583	0.416848308	71	70.83874033	chr7.100094259.T>C	GATK4	Strelka	HGG2	MCM7	chr7.100094259.T>C	positive	chr7	0.560233488	H2C4	positive
HLA-A02:01	......C....	1.9016	LLLERGYDVNL	11	1.282	ENSG00000115183	ENST00000263635	C/Y	1	7	2	159219266	1136	M	No	No	0.973142881	0.620577468	0.352565413	67	67.11876059	chr2.159219266.G>A	NA	Strelka	HGG2	TANC1	chr2.159219266.G>A	not_detected	chr2	0.711654717	H2C5	not_detected
HLA-A02:01	.T.......	9.2686	EMTDITIKA	9	1.8589	ENSG00000164199	ENST00000405460	T/M	1	2	5	90674196	1691	M	No	No	0.669406063	1.65e-16	0.669406063	67	66.94060602	chr5.90674196.C>T	GATK4	Strelka	HGG2	ADGRV1	chr5.90674196.C>T	not_detected	chr5	0.282521747	H2C6	not_detected
HLA-A02:01	V..........	2.9117	ALAGGLYEYVF	11	1.8649	ENSG00000171885	ENST00000383168,ENST00000440832,ENST00000581374,ENST00000622234	V/A	1	1	18	26856458	242220000000	M	No	No	0.662733605	0.010369119	0.652364487	66	65.92976207	chr18.26856458.A>G	GATK4	Strelka	HGG2	AQP4	chr18.26856458.A>G	not_detected	chr18	0.869448952	H2C7	not_detected
HLA-A02:01	V........	1.9582	ALAGGLYEY	9	1.6503	ENSG00000171885	ENST00000383168,ENST00000440832,ENST00000581374,ENST00000622234	V/A	1	1	18	26856458	242220000000	M	No	No	0.851763508	0.552	0.299702875	62	61.6650955	chr18.26856458.A>G	GATK4	Strelka	HGG2	AQP4	chr18.26856458.A>G	not_detected	chr18	0.626095267	H2C8	not_detected
HLA-A02:01	....R....	1.7514	ALFCHQYDI	9	0.8711	ENSG00000160097	ENST00000373471,ENST00000496770	R/H	1	5	1	32864776	17499	M	No	No	0.996475549	0.776085776	0.220389773	61	60.98002968	chr1.32864776.C>T	GATK4	Strelka	HGG2	FNDC5	chr1.32864776.C>T	not_detected	chr1	0.803251934	H2C9	not_detected
HLA-A02:01	...T.......	1.7821	ILVSDVSVDSV	11	1.3548	ENSG00000110799	ENST00000261405	T/S	1	4	12	6016143	1801	M	No	No	0.961801065	0.748287557	0.213513508	60	60.1949178	chr12.6016143.T>A	GATK4	Strelka	HGG2	VWF	chr12.6016143.T>A	not_detected	chr12	0.12174766	H2C10	not_detected
HLA-A02:01	V.........	2.9863	AVAQDYAQGV	10	1.9181	ENSG00000105738	ENST00000222345	V/A	1	1	19	38119638	875	M	No	No	0.600967982	0.00716	0.593804003	60	59.88153188	chr19.38119638.T>C	GATK4	Strelka	HGG2	SIPA1L3	chr19.38119638.T>C	not_detected	chr19	0.291515276	H2C11	not_detected
HLA-A02:01	.......C..	7.2025	RLLLERGYDV	10	1.9245	ENSG00000115183	ENST00000263635	C/Y	1	8	2	159219266	1136	M	No	No	0.593269992	5.05e-12	0.593269992	59	59.32699897	chr2.159219266.G>A	NA	Strelka	HGG2	TANC1	chr2.159219266.G>A	positive	chr2	0.580113748	H2C12	not_detected
HLA-A02:01	.....E....	1.693	FKLSDVEMAT	10	1.0713	ENSG00000227471	ENST00000423958,ENST00000457545	E/V	1	6	7	134577729	312312	M	No	No	0.990467783	0.822736696	0.167731086	58	58.30206847	chr7.134577729.A>T	GATK4	Strelka	HGG2	AKR1B15	chr7.134577729.A>T	not_detected	chr7	0.256073175	H2D1	not_detected
HLA-A02:01	...T....	2.308	ILVSDVSV	8	1.8909	ENSG00000110799	ENST00000261405	T/S	1	4	12	6016143	1801	M	No	No	0.633090928	0.176535275	0.456555653	58	57.7209485	chr12.6016143.T>A	GATK4	Strelka	HGG2	VWF	chr12.6016143.T>A	not_detected	chr12	0.271091651	H2D2	not_detected
HLA-A02:01	T........	1.6248	ALQQLTTHM	9	0.9658	ENSG00000182463	ENST00000329613,ENST00000371497,ENST00000603338	T/A	1	00:00	20	53254629	388391388	M	No	No	0.994353181	0.867151002	0.127202178	56	56.32259997	chr20.53254629.A>G	GATK4	Strelka	HGG2	TSHZ2	chr20.53254629.A>G	not_detected	chr20	0.798284553	H2D3	not_detected
HLA-A02:01	V.........	1.7328	ILFQCMPVPV	10	1.4824	ENSG00000105875	ENST00000354475,ENST00000423565	V/I	1	1	7	135208809	165130	M	No	No	0.930085276	0.791831373	0.138253902	56	56.18499228	chr7.135208809.C>T	GATK4	Strelka	HGG2	WDR91	chr7.135208809.C>T	positive	chr7	0.995279332	H2D4	positive
HLA-A02:01	......D..	2.7778	VVVYGMEYL	9	1.9551	ENSG00000145194	ENST00000357474,ENST00000359140,ENST00000402825,ENST00000404464,ENST00000430587	D/E	1	7	3	184285061	414339000000000	M	No	No	0.555890456	0.020055353	0.535835103	55	55.0316164	chr3.184285061.T>A	GATK4	Strelka	HGG2	ECE2	chr3.184285061.T>A	not_detected	chr3	0.807619249	H2D5	not_detected
HLA-A02:01	......P...	4.31	GRVIENLAEA	10	1.967	ENSG00000106070	ENST00000335866,ENST00000357271,ENST00000398810,ENST00000398812,ENST00000401949,ENST00000402497,ENST00000402578,ENST00000403097,ENST00000406641,ENST00000407526	P/L	1	7	7	50605336	39e28	M	No	No	0.541156668	9.64e-6	0.541147032	54	54.11540586	chr7.50605336.G>A	GATK4	Strelka	HGG2	GRB10	chr7.50605336.G>A	not_detected	chr7	0.121185774	H2D6	not_detected
HLA-A02:01	......C..	1.462	LLLERGYDV	9	0.142	ENSG00000115183	ENST00000263635	C/Y	1	7	2	159219266	1136	M	No	No	0.999907665	0.936433982	0.063473684	53	53.173390499999996	chr2.159219266.G>A	NA	Strelka	HGG2	TANC1	chr2.159219266.G>A	not_detected	chr2	0.544124578	H2D7	not_detected
HLA-A02:01	........T..	2.0902	SVATGDVIIFL	11	1.8678	ENSG00000164574	ENST00000297107,ENST00000425427	T/I	1	00:00	5	154376409	234234	M	No	No	0.659484989	0.389	0.270361955	53	53.11745869	chr5.154376409.C>T	GATK4	Strelka	HGG2	GALNT10	chr5.154376409.C>T	not_detected	chr5	0.692290819	H2D8	not_detected
HLA-A02:01	..S.......	1.4457	ILFSAAKHSV	10	0.5565	ENSG00000140365	ENST00000267935,ENST00000338995,ENST00000480484,ENST00000562789,ENST00000564815,ENST00000567195,ENST00000567377,ENST00000568301	S/F	1	3	15	75339033	777778e11	M	No	No	0.999266904	0.941	0.058150737	53	52.90537827	chr15.75339033.C>T	GATK4	Strelka	HGG2	COMMD4	chr15.75339033.C>T	not_detected	chr15	0.396500089	H2D9	not_detected
HLA-A02:01	.....R....	3.2085	FVMRNHDVVL	10	1.9811	ENSG00000113600	ENST00000263408	R/H	1	6	5	39311316	311	M	No	No	0.523607434	0.002369982	0.521237452	52	52.29869619	chr5.39311316.C>T	GATK4	Strelka	HGG2	C9	chr5.39311316.C>T	not_detected	chr5	0.361003974	H2D10	not_detected
HLA-A02:01	.......Q...	1.366	ILNKTSGPMEV	11	0.7405	ENSG00000137054	ENST00000377792,ENST00000377798,ENST00000442009	Q/P	1	8	9	37489350	1609898	M	No	No	0.998162481	0.959689585	0.038472897	52	51.91994107	chr9.37489350.A>C	NA	Strelka	HGG2	POLR1E	chr9.37489350.A>C	not_detected	chr9	0.337860952	H2D11	not_detected
HLA-A02:01	.......A.	1.3382	IIPPMFGTV	9	0.977	ENSG00000078124	ENST00000278544,ENST00000525861,ENST00000531461,ENST00000532485,ENST00000534206	A/T	1	00:00	11	76926604	515151519	M	No	No	0.994029879	0.965	0.029293602	51	51.45415346	chr11.76926604.G>A	NA	Strelka	HGG2	ACER3	chr11.76926604.G>A	not_detected	chr11	0.935589554	H2D12	not_detected
HLA-A02:01	.......I.	1.2937	ILVDIDDTF	9	0.7417	ENSG00000272916	ENST00000603027	I/T	1	8	10	73807430	320	M	No	No	0.998151444	0.971570873	0.026580571	51	51.32640068	chr10.73807430.A>G	GATK4	Strelka	HGG2	RP11	chr10.73807430.A>G	not_detected	chr10	0.255349475	H2E1	not_detected
HLA-A02:01	....D....	1.278	YLLTGQQKT	9	0.9715	ENSG00000006377	ENST00000555308	D/G	1	5	7	97007638	18	M	No	No	0.994190879	0.97366068	0.020530199	51	51.01885932	chr7.97007638.A>G	GATK4	Strelka	HGG2	DLX6	chr7.97007638.A>G	not_detected	chr7	0.129506951	H2E2	not_detected
HLA-A02:01	....E....	1.0954	KLSDVEMAT	9	0.4924	ENSG00000227471	ENST00000423958,ENST00000457545	E/V	1	00:00	7	134577729	312312	M	No	No	0.999467822	0.989	0.010207632	51	50.5100956	chr7.134577729.A>T	GATK4	Strelka	HGG2	AKR1B15	chr7.134577729.A>T	not_detected	chr7	0.235484772	H2E3	not_detected
HLA-A02:01	........E	18.8655	AAIESFVSV	9	0.3552	ENSG00000179148	ENST00000318227,ENST00000380149,ENST00000448843	E/V	1	9	17	8108578	657681525	M	No	No	0.999731932	2.38e-37	0.999731932	100	99.97319274	chr17.8108578.T>A	GATK4	Strelka	HGG7	ALOXE3	chr17.8108578.T>A	not_detected	chr17	0.429148348	H7A1	not_detected
HLA-A02:01	AA.......	5.8208	LMAPLSPGA	9	0.4952	ENSG00000087087	ENST00000431645,ENST00000611405,ENST00000614484,ENST00000618262,ENST00000618411	G/X	2	01:09	7	100881711	109102000000000	F	No	No	0.999460323	5.05e-9	0.999460318	100	99.94603177	NA	GATK4	NA	HGG7	SRRT	NA	positive	chr7	0.923348543	H7A2	positive
HLA-A02:01	..T.......	4.6458	LEMDDFEIVV	10	0.7264	ENSG00000260458	ENST00000567955	T/M	1	3	17	21703655	290	M	No	No	0.998287351	1.8e-6	0.998285554	100	99.828644980000007	chr17.21703655.C>T	GATK4	NA	HGG7	KCNJ18	chr17.21703655.C>T	positive	chr17	0.220141673	H7A3	positive
HLA-A02:01	.V.......	3.7542	GMLKTDEGI	9	0.9069	ENSG00000167815	ENST00000301522,ENST00000334482	V/M	1	2	19	12800208	117117	M	No	No	0.995787594	1.55e-4	0.99563245	100	99.57103446	chr19.12800208.C>T	GATK4	Strelka	HGG7	PRDX2	chr19.12800208.C>T	not_detected	chr19	0.541111266	H7A4	not_detected
HLA-A02:01	.T.......	2.8315	EMDDFEIVV	9	0.4118	ENSG00000260458	ENST00000567955	T/M	1	2	17	21703655	290	M	No	No	0.999644276	0.01540558	0.984238696	99	99.1944222	chr17.21703655.C>T	GATK4	NA	HGG7	KCNJ18	chr17.21703655.C>T	positive	chr17	0.183643867	H7A5	positive
HLA-A02:01	.M......M	3.491	LLMRYLKAI	9	1.1065	ENSG00000198862	ENST00000361371,ENST00000389194,ENST00000389195,ENST00000614971	N/X	2	01:09	21	28966884	536583000000	F	No	No	0.988654234	5.78e-4	0.988076027	99	98.85113179	NA	GATK4	NA	HGG7	LTN1	NA	positive	chr21	0.861934831	H7A6	positive
HLA-A02:01	......I.T	2.9834	LLLHSSNLI	9	1.1221	ENSG00000144395	ENST00000389175	Q/QX	2	01:09	2	196666795	280	F	No	No	0.987745114	0.007267853	0.980477262	99	98.59504138	NA	GATK4	NA	HGG7	CCDC150	NA	not_detected	chr2	0.725258381	H7A7	not_detected
HLA-A02:01	....K.....	2.9903	AMGNELIQVL	10	1.1042	ENSG00000196460	ENST00000428343	K/E	1	5	2	101402438	415	M	No	No	0.988782507	0.007023119	0.981759389	99	98.53103349	chr2.101402438.T>C	GATK4	Strelka	HGG7	RFX8	chr2.101402438.T>C	not_detected	chr2	0.471466191	H7A8	not_detected
HLA-A02:01	...L......	2.6825	GLSSVALAFL	10	1.001	ENSG00000141338	ENST00000269080,ENST00000430352,ENST00000586539	L/S	1	4	17	68929562	313313313	M	No	No	0.993273827	0.031907084	0.961366742	98	97.74275867	chr17.68929562.A>G	NA	Strelka	HGG7	ABCA8	chr17.68929562.A>G	not_detected	chr17	0.886977895	H7A9	not_detected
HLA-A02:01	.C...P..S	58.6842	KMVRLDLLM	9	1.4324	ENSG00000198862	ENST00000361371,ENST00000389194,ENST00000389195,ENST00000614971	N/X	3	02:09	21	28966884	536583000000	F	No	No	0.944695063	8.16e-124	0.944695063	94	94.46950586	NA	GATK4	NA	HGG7	LTN1	NA	positive	chr21	0.836147431	H7A10	positive
HLA-A02:01	......C.	5.1745	ALTGLVFL	8	1.4768	ENSG00000164363	ENST00000324642	C/F	1	7	5	1244223	449	M	No	No	0.931884241	1.28e-7	0.931884113	93	93.18841772	chr5.1244223.G>T	GATK4	Strelka	HGG7	SLC6A18	chr5.1244223.G>T	positive	chr5	0.928253045	H7A11	not_detected
HLA-A02:01	........R	5.6388	MMVNFVVEC	9	1.5147	ENSG00000279961	ENST00000623286	R/C	1	9	11	56417968	89	M	No	No	0.918825868	1.25e-8	0.918825855	92	91.88258585	chr11.56417968.G>A	GATK4	Strelka	HGG7	OR5R1	chr11.56417968.G>A	positive	chr11	0.996783631	H7A12	positive
HLA-A02:01	.....K....	2.3428	TAMGNELIQV	10	1.0512	ENSG00000196460	ENST00000428343	K/E	1	6	2	101402438	415	M	No	No	0.99137134	0.152645617	0.838725724	92	91.57070917	chr2.101402438.T>C	GATK4	Strelka	HGG7	RFX8	chr2.101402438.T>C	positive	chr2	0.441864505	H7B1	positive
HLA-A02:01	..K..A....	4.8057	QLMAPLSPGA	10	1.5412	ENSG00000087087	ENST00000431645,ENST00000611405,ENST00000614484,ENST00000618262,ENST00000618411	G/X	2	01:10	7	100881711	109102000000000	F	No	No	0.908378901	8.08e-7	0.908378093	91	90.83787137	NA	GATK4	NA	HGG7	SRRT	NA	not_detected	chr7	0.866661872	H7B2	not_detected
HLA-A02:01	......A..	2.4931	ALSTVRVGA	9	1.5323	ENSG00000176435	ENST00000342213	A/V	1	7	14	38255826	66	M	No	No	0.912015795	0.078312428	0.833703368	88	87.6304706	chr14.38255826.G>A	GATK4	Strelka	HGG7	CLEC14A	chr14.38255826.G>A	not_detected	chr14	0.527101113	H7B3	not_detected
HLA-A02:01	......R....	2.2143	ILWFEAGEISL	11	0.4978	ENSG00000280021	ENST00000380383,ENST00000624103	R/G	1	7	11	4769644	9992	M	No	No	0.999453265	0.25511793	0.744335335	87	87.19640375	chr11.4769644.G>C	NA	Strelka	HGG7	OR51F1	chr11.4769644.G>C	positive	chr11	0.948222793	H7B4	not_detected
HLA-A02:01	T......S.	2.0412	SQIFFSLHL	9	1.2544	ENSG00000127530	ENST00000248073	F/X	2	06:09	19	14799826	104	F	No	No	0.976523525	0.448681352	0.527842174	87	86.6986548	NA	GATK4	NA	HGG7	OR7C1	NA	not_detected	chr19	0.993854336	H7B5	not_detected
HLA-A02:01	........T	4.4177	TLTSWSLAA	9	1.7226	ENSG00000160072	ENST00000308647	T/A	1	9	1	1495668	600	M	No	No	0.800112878	5.62e-6	0.800107255	80	80.01106252	chr1.1495668.A>G	GATK4	NA	HGG7	ATAD3B	chr1.1495668.A>G	not_detected	chr1	0.677536377	H7B6	not_detected
HLA-A02:01	.........L.	2.1187	SLFLLYGLSSV	11	1.3605	ENSG00000141338	ENST00000269080,ENST00000430352,ENST00000586539	L/S	1	10	17	68929562	313313313	M	No	No	0.960740089	0.355832195	0.604907894	79	78.98089585	chr17.68929562.A>G	NA	Strelka	HGG7	ABCA8	chr17.68929562.A>G	positive	chr17	0.968215085	H7B7	positive
HLA-A02:01	V....R...	1.2751	RLDLLMRYL	9	0.9918	ENSG00000198862	ENST00000361371,ENST00000389194,ENST00000389195,ENST00000614971	N/X	2	01:09	21	28966884	536583000000	F	No	No	0.993574279	0.974029998	0.019544281	75	75.16314877	NA	GATK4	NA	HGG7	LTN1	NA	not_detected	chr21	0.924554934	H7B8	not_detected
HLA-A02:01	...Y.L...	0.1514	SLHLDAWTI	9	0.4677	ENSG00000127530	ENST00000248073	F/FX	2	01:09	19	14799826	104	F	No	No	0.99952962	0.999903223	-3.74e-4	75	74.96713952	NA	GATK4	NA	HGG7	OR7C1	NA	positive	chr19	0.694685417	H7B9	not_detected
HLA-A02:01	......NR.	0.7467	RLLLHSSNL	9	0.8942	ENSG00000144395	ENST00000389175	Q/QX	2	01:09	2	196666795	280	F	No	No	0.996045741	0.998104736	-0.002058995	75	74.75062452	NA	GATK4	NA	HGG7	CCDC150	NA	not_detected	chr2	0.601278531	H7B10	not_detected
HLA-A02:01	..R......	11.6592	TIWVDLLRA	9	1.8021	ENSG00000227345	ENST00000402038,ENST00000616448	R/W	1	3	10	49932102	485485	M	No	No	0.728989152	1.06e-21	0.728989152	73	72.89891487	chr10.49932102.G>A	GATK4	NA	HGG7	PARG	chr10.49932102.G>A	not_detected	chr10	0.733991113	H7B11	not_detected
HLA-A02:01	....T.VL.	3.6963	HLDAWTIYS	9	1.8235	ENSG00000127530	ENST00000248073	F/FX	3	01:09	19	14799826	104	F	No	No	0.707340015	2.07e-4	0.70713279	71	70.73216893	NA	GATK4	NA	HGG7	OR7C1	NA	not_detected	chr19	0.507090651	H7B12	not_detected
HLA-A02:01	.......L...	2.5011	FLLYGLSSVAL	11	1.8069	ENSG00000141338	ENST00000269080,ENST00000430352,ENST00000586539	L/S	1	8	17	68929562	313313313	M	No	No	0.724221644	0.075473508	0.648748136	70	69.68918674	chr17.68929562.A>G	NA	Strelka	HGG7	ABCA8	chr17.68929562.A>G	positive	chr17	0.983566724	H7C1	positive
HLA-A02:01	.........K.	1.9405	LKLLAEELNQL	11	1.2637	ENSG00000179988	ENST00000406217	K/Q	1	10	10	122990224	311	M	No	No	0.975433542	0.573831258	0.401602284	70	69.55664108	chr10.122990224.A>C	NA	Strelka	HGG7	PSTK	chr10.122990224.A>C	not_detected	chr10	0.365417574	H7C2	not_detected
HLA-A02:01	...L.....	3.8022	GLSSVALAF	9	1.8598	ENSG00000141338	ENST00000269080,ENST00000430352,ENST00000586539	L/S	1	4	17	68929562	313313313	M	No	No	0.668409448	1.22e-4	0.668287403	67	66.8368657	chr17.68929562.A>G	NA	Strelka	HGG7	ABCA8	chr17.68929562.A>G	positive	chr17	0.722499716	H7C3	not_detected
HLA-A02:01	..K......	1.9111	KIEGGIHTA	9	1.5575	ENSG00000137996	ENST00000260563,ENST00000370128	K/E	1	3	1	100268258	9885	M	No	No	0.901366412	0.609330767	0.292035646	63	62.67512663	chr1.100268258.A>G	NA	Strelka	HGG7	RTCA	chr1.100268258.A>G	not_detected	chr1	0.459835717	H7C4	not_detected
HLA-A02:01	........L.	1.7205	LFLLYGLSSV	10	1.1987	ENSG00000141338	ENST00000269080,ENST00000430352,ENST00000586539	L/S	1	9	17	68929562	313313313	M	No	No	0.982128239	0.801786877	0.180341362	59	58.83994698	chr17.68929562.A>G	NA	Strelka	HGG7	ABCA8	chr17.68929562.A>G	positive	chr17	0.975315729	H7C5	positive
HLA-A02:01	......L.	1.8639	LLYGLSSV	8	1.6071	ENSG00000141338	ENST00000269080,ENST00000430352,ENST00000586539	L/S	1	7	17	68929562	313313313	M	No	No	0.877019131	0.663850283	0.213168848	59	58.59144294	chr17.68929562.A>G	NA	Strelka	HGG7	ABCA8	chr17.68929562.A>G	positive	chr17	0.746393442	H7C6	not_detected
HLA-A02:01	.......K...	2.1612	LLAEELNQLKA	11	1.8551	ENSG00000179988	ENST00000406217	K/Q	1	8	10	122990224	311	M	No	No	0.673597177	0.308743526	0.364853651	57	56.96127909	chr10.122990224.A>C	NA	Strelka	HGG7	PSTK	chr10.122990224.A>C	not_detected	chr10	0.113762127	H7C7	not_detected
HLA-A02:01	.......A..	1.6818	VLLAPPATGM	10	1.4203	ENSG00000076356	ENST00000367033	A/T	1	8	1	208217826	33	M	No	No	0.947772237	0.83075675	0.117015487	55	55.40881431	chr1.208217826.C>T	GATK4	Strelka	HGG7	PLXNA2	chr1.208217826.C>T	not_detected	chr1	0.958826539	H7C8	not_detected
HLA-A02:01	.V.......	1.392	TIMNTQLWV	9	1.0798	ENSG00000255713	ENST00000545221	V/I	1	2	17	58170058	135	M	No	No	0.990058046	0.954348829	0.035709217	52	51.76276754	chr17.58170058.G>A	GATK4	Strelka	HGG7	OR4D2	chr17.58170058.G>A	positive	chr17	0.842526868	H7C9	positive
HLA-A02:01	.......V.	1.1792	RLSEDYGML	9	0.6762	ENSG00000167815	ENST00000301522,ENST00000334482	V/M	1	8	19	12800208	117117	M	No	No	0.998667014	0.983761524	0.014905491	51	50.74419204	chr19.12800208.C>T	GATK4	Strelka	HGG7	PRDX2	chr19.12800208.C>T	not_detected	chr19	0.305341582	H7C10	not_detected
HLA-A02:01	PS.....A.	22.3962	WLSEDEIML	9	0.0396	ENSG00000171862	ENST00000371953,ENST00000610634	DN/X	3	06:09	10	87933107	11682	F	Yes	No	0.999944662	5.13e-45	0.999944662	100	99.99446581	NA	GATK4	NA	HGG11	PTEN	NA	not_detected	chr10	0.714312544	H11A1	not_detected
HLA-A02:01	D.........	8.0306	YLSAIMPSQL	10	0.4014	ENSG00000182263	ENST00000333129	D/Y	1	1	2	163609698	712	M	No	No	0.999662295	8.03e-14	0.999662295	100	99.96622909	chr2.163609698.C>A	GATK4	Strelka	HGG11	FIGN	chr2.163609698.C>A	not_detected	chr2	0.771907309	H11A2	not_detected
HLA-A02:01	.P........	26.2542	LLAPFSEEGL	10	0.8505	ENSG00000167967	ENST00000562589	P/L	1	2	16	2223750	46	M	No	No	0.996819401	2.15e-53	0.996819401	100	99.68193967	chr16.2223750.C>T	GATK4	Strelka	HGG11	E4F1	chr16.2223750.C>T	not_detected	chr16	0.648190498	H11A3	not_detected
HLA-A02:01	........R..	3.4026	VLLAMAFDHYV	11	1.0763	ENSG00000180785	ENST00000396952	R/H	1	9	11	4652900	125	M	No	No	0.990228832	8.99e-4	0.989329537	99	98.97835736	chr11.4652900.G>A	GATK4	Strelka	HGG11	OR51E1	chr11.4652900.G>A	positive	chr11	0.638414837	H11A4	not_detected
HLA-A02:01	......R..	4.5856	LAMAFDHYV	9	1.1765	ENSG00000180785	ENST00000396952	R/H	1	7	11	4652900	125	M	No	No	0.983975781	2.43e-6	0.983973352	98	98.39745816	chr11.4652900.G>A	GATK4	Strelka	HGG11	OR51E1	chr11.4652900.G>A	positive	chr11	0.454548859	H11A5	positive
HLA-A02:01	.GVN......	8.3008	QWLSEDEIML	10	1.2197	ENSG00000171862	ENST00000371953,ENST00000610634	DN/X	3	07:10	10	87933107	11682	F	Yes	No	0.980188843	2.08e-14	0.980188843	98	98.01888392	NA	GATK4	NA	HGG11	PTEN	NA	not_detected	chr10	0.663815624	H11A6	not_detected
HLA-A02:01	..........P	5.7816	ALAPSGFLGLL	11	1.2499	ENSG00000167967	ENST00000301727,ENST00000562589,ENST00000564139,ENST00000565090	P/L	1	11	16	2223750	46464646	M	No	No	0.977033852	6.14e-9	0.977033846	98	97.70338451	chr16.2223750.C>T	GATK4	Strelka	HGG11	E4F1	chr16.2223750.C>T	not_detected	chr16	0.968778769	H11A7	not_detected
HLA-A02:01	......R..	4.3467	YLDEPFWAQ	9	1.3546	ENSG00000185313	ENST00000449082	R/W	1	7	3	38750124	606	M	No	No	0.961837788	8.02e-6	0.961829767	96	96.18339266	chr3.38750124.G>A	GATK4	Strelka	HGG11	SCN10A	chr3.38750124.G>A	not_detected	chr3	0.821988302	H11A8	not_detected
HLA-A02:01	....KE.K.	8.1022	ALKSDFKLV	9	1.3956	ENSG00000196782	ENST00000509479	QQQQQQ/QX	3	01:09	4	139889932	497	F	No	No	0.953558176	5.61e-14	0.953558176	95	95.35581719	NA	GATK4	NA	HGG11	MAML3	NA	not_detected	chr4	0.4748068	H11A9	not_detected
HLA-A02:01	.....D.A	4.7762	ILPDFLPI	8	1.4438	ENSG00000101349	ENST00000353224,ENST00000378423,ENST00000378429	K/X	2	0.047222222	20	9580568	189189189	F	No	No	0.941640422	9.37e-7	0.941639486	94	94.16401981	NA	GATK4	NA	HGG11	PAK5	NA	not_detected	chr20	0.961182246	H11A10	not_detected
HLA-A02:01	.F.......	13.6468	VLLYCIAAL	9	1.531	ENSG00000008282	ENST00000011473,ENST00000455385,ENST00000464029,ENST00000470347,ENST00000634737	F/L	1	2	7	106097768	1261080000000	M	No	No	0.91253598	5.12e-26	0.91253598	91	91.25359758	chr7.106097768.G>T	GATK4	Strelka	HGG11	SYPL1	chr7.106097768.G>T	not_detected	chr7	0.983159659	H11A11	not_detected
HLA-A02:01	.....R..	2.3087	FLEAFHLV	8	0.5227	ENSG00000156194	ENST00000286719	R/H	1	6	4	75860764	722	M	No	No	0.999380823	0.176027054	0.823353769	91	91.14217884	chr4.75860764.C>T	GATK4	Strelka	HGG11	PPEF2	chr4.75860764.C>T	positive	chr4	0.746087316	H11A12	positive
HLA-A02:01	........I	2.2684	YIRFFITYV	9	1.0265	ENSG00000134824	ENST00000257261,ENST00000278840,ENST00000355484,ENST00000521571,ENST00000521849,ENST00000522056	I/V	1	9	11	61863020	289312e10	M	No	No	0.992366151	0.207181352	0.7851848	89	88.95662673	chr11.61863020.A>G	GATK4	Strelka	HGG11	FADS2	chr11.61863020.A>G	positive	chr11	0.928171104	H11B1	positive
HLA-A02:01	D..E...H.	0.7183	IIFFFLNRV	9	0.6934	ENSG00000221923	ENST00000597976	I/X	3	0.089583333	19	52374464	102	F	No	No	0.998547477	0.998355216	1.92e-4	87	87.39343386	NA	GATK4	NA	HGG11	ZNF880	NA	positive	chr19	0.964436274	H11B2	not_detected
HLA-A02:01	.........F	5.9719	VLSSVNSNLL	10	1.7004	ENSG00000007952	ENST00000372964	F/L	1	10	X	100843369	185	M	No	No	0.817275994	2.37e-9	0.817275991	82	81.72759895	chrX.100843369.G>T	NA	Strelka	HGG11	NOX1	chrX.100843369.G>T	not_detected	chrX	0.60996808	H11B3	not_detected
HLA-A02:01	...R.....	3.091	KVDHKGPQI	9	1.7033	ENSG00000185567	ENST00000333244	R/H	1	4	14	104945729	3241	M	No	No	0.815100653	0.00425668	0.810843973	81	81.33658384	chr14.104945729.C>T	NA	Strelka	HGG11	AHNAK2	chr14.104945729.C>T	positive	chr14	0.178254059	H11B4	not_detected
HLA-A02:01	P..Q.....	4.5313	DIVGFFFSV	9	1.7504	ENSG00000175066	ENST00000487672	-/X	2	0.297916667	3	142204649	152	F	No	No	0.77695346	3.19e-6	0.776950273	78	77.69528374	NA	GATK4	NA	HGG11	GK5	NA	not_detected	chr3	0.745825636	H11B5	not_detected
HLA-A02:01	.......D..	2.0852	MLDSRSTNRV	10	1.4092	ENSG00000165516	ENST00000298307,ENST00000554589,ENST00000555443,ENST00000555739,ENST00000557247	D/N	1	8	14	49777866	127127000000000	M	No	No	0.950452199	0.395081898	0.555370301	76	76.26989668	chr14.49777866.G>A	NA	Strelka	HGG11	KLHDC2	chr14.49777866.G>A	not_detected	chr14	0.259251778	H11B6	not_detected
HLA-A02:01	..Y.P....	0.0214	ILPDFLPII	9	0.0538	ENSG00000101349	ENST00000353224,ENST00000378423,ENST00000378429	K/X	2	0.047916667	20	9580568	189189189	F	No	No	0.999940591	0.999949475	-8.88e-6	75	74.99680703	NA	GATK4	NA	HGG11	PAK5	NA	positive	chr20	0.978818221	H11B7	positive
HLA-A02:01	T.I......	0.0719	MLQQFTVKL	9	0.1446	ENSG00000171862	ENST00000371953,ENST00000610634	DN/X	2	0.047916667	10	87933107	11682	F	Yes	No	0.999906457	0.999934964	-2.85e-5	75	74.99460975	NA	GATK4	NA	HGG11	PTEN	NA	not_detected	chr10	0.251733788	H11B8	not_detected
HLA-A02:01	...D...L	0.3048	FLPIITHI	8	0.5593	ENSG00000101349	ENST00000353224,ENST00000378423,ENST00000378429	K/X	2	0.047222222	20	9580568	189189189	F	No	No	0.999256576	0.999791633	-5.35e-4	75	74.94944818	NA	GATK4	NA	HGG11	PAK5	NA	positive	chr20	0.866357285	H11B9	positive
HLA-A02:01	.....K.L.	0.5392	KLVSLRTSL	9	0.8057	ENSG00000196782	ENST00000509479	QQQQQQ/QX	2	0.047916667	4	139889932	497	F	No	No	0.997456075	0.99932761	-0.001871535	75	74.8259723	NA	GATK4	NA	HGG11	MAML3	NA	not_detected	chr4	0.606375689	H11B10	not_detected
HLA-A02:01	.........G.	2.5207	LVELDETSQEL	11	1.8151	ENSG00000126787	ENST00000247191,ENST00000395425,ENST00000554067,ENST00000557645	G/E	1	10	14	55188974	69696969	M	No	No	0.715958124	0.068913506	0.647044618	69	69.12885288	chr14.55188974.C>T	NA	Strelka	HGG11	DLGAP5	chr14.55188974.C>T	not_detected	chr14	0.096181081	H11B11	not_detected
HLA-A02:01	.......R..	1.8702	LLAMAFDHYV	10	0.5419	ENSG00000180785	ENST00000396952	R/H	1	8	11	4652900	125	M	No	No	0.999318478	0.65678508	0.342533398	67	67.11497421	chr11.4652900.G>A	GATK4	Strelka	HGG11	OR51E1	chr11.4652900.G>A	not_detected	chr11	0.601106971	H11B12	not_detected
HLA-A02:01	...I.VD...	0.6961	IMLQQFTVKL	10	1.7852	ENSG00000171862	ENST00000371953,ENST00000610634	DN/X	3	0.048611111	10	87933107	11682	F	Yes	No	0.745356861	0.998527765	-0.253170904	65	65.2324418	NA	GATK4	NA	HGG11	PTEN	NA	not_detected	chr10	0.239066332	H11C1	not_detected
HLA-A02:01	...IL...	1.3006	SLFFFFGV	8	1.6669	ENSG00000134121	ENST00000453040	L/X	2	0.088888889	3	197873	76	F	No	No	0.840974932	0.97060229	-0.129627358	64	63.69118806	NA	GATK4	NA	HGG11	CHL1	NA	positive	chr3	0.950800072	H11C2	not_detected
HLA-A02:01	..P........	5.0328	GLLAPFSEEGL	11	1.9354	ENSG00000167967	ENST00000562589	P/L	1	3	16	2223750	46	M	No	No	0.580055201	2.6e-7	0.580054941	58	58.0055123	chr16.2223750.C>T	GATK4	Strelka	HGG11	E4F1	chr16.2223750.C>T	positive	chr16	0.610716635	H11C3	positive
HLA-A02:01	......R..	1.5066	KLPDLWCKI	9	1.0616	ENSG00000053747	ENST00000269217,ENST00000313654,ENST00000399516,ENST00000586751,ENST00000587184	R/C	1	7	18	23909188	742235e11	M	No	No	0.990914963	0.922	0.06911919	53	53.42043487	chr18.23909188.C>T	GATK4	Strelka	HGG11	LAMA3	chr18.23909188.C>T	positive	chr18	0.870717601	H11C4	positive
HLA-A02:01	.......N.	1.6174	FLNILYPKT	9	1.4564	ENSG00000179542	ENST00000338017,ENST00000356928,ENST00000596188	N/K	1	00:00	X	143630878	777777	M	No	No	0.938080464	0.871	0.066724657	53	52.93795321	chrX.143630878.A>C	GATK4	Strelka	HGG11	SLITRK4	chrX.143630878.A>C	not_detected	chrX	0.76252308	H11C5	not_detected
HLA-A02:01	..K......	1.433	ALQEEQNIL	9	0.5061	ENSG00000216937	ENST00000277657,ENST00000362006,ENST00000476558,ENST00000535327,ENST00000537047,ENST00000539197,ENST00000545067,ENST00000636208,ENST00000637274	K/Q	1	3	10	32456320	148e24	M	No	No	0.999430112	0.944538114	0.054891997	53	52.74301929	chr10.32456320.A>C	NA	Strelka	HGG11	CCDC7	chr10.32456320.A>C	not_detected	chr10	0.029282948	H11C6	not_detected
HLA-A02:01	.......R..	1.294	FLLICGLQQV	10	0.5332	ENSG00000151948	ENST00000442111,ENST00000537468	R/Q	1	00:00	12	128926413	175180	M	No	No	0.99934747	0.971529412	0.027818057	51	51.38997375	chr12.128926413.G>A	GATK4	Strelka	HGG11	GLT1D1	chr12.128926413.G>A	positive	chr12	0.9426511	H11C7	positive
HLA-A02:01	.......G.	1.3079	ELDETSQEL	9	0.833	ENSG00000126787	ENST00000247191,ENST00000395425,ENST00000554067,ENST00000557645	G/E	1	8	14	55188974	69696969	M	No	No	0.997085098	0.97	0.027542363	51	51.37267895	chr14.55188974.C>T	NA	Strelka	HGG11	DLGAP5	chr14.55188974.C>T	not_detected	chr14	0.041166879	H11C8	not_detected
HLA-A02:01	C.........	6.6518	REMIPAVLPL	10	1.9903	ENSG00000081014	ENST00000261842,ENST00000558439,ENST00000560508,ENST00000561393,ENST00000561441	C/R	1	1	15	50925164	1631640000000	M	No	No	0.512122624	7.92e-11	0.512122624	51	51.21226217	chr15.50925164.T>C	NA	Strelka	HGG11	AP4E1	chr15.50925164.T>C	not_detected	chr15	0.891497428	H11C9	not_detected
HLA-A02:01	......G...	1.2355	LLLGDMDQGI	10	1.0398	ENSG00000071462	ENST00000265758,ENST00000421304,ENST00000423497,ENST00000428163,ENST00000441822	G/D	1	7	7	73687050	10675100000000	M	No	No	0.991845521	0.97859514	0.013250381	51	50.65379157	chr7.73687050.G>A	GATK4	Strelka	HGG11	WBSCR22	chr7.73687050.G>A	not_detected	chr7	0.61556063	H11C10	not_detected
HLA-A02:01	.P..P....VP	16.1355	YFCLSPPPTLL	11	0.4619	ENSG00000183914	ENST00000570791	-/X	4	01:11	17	7743278	762	F	No	No	0.999543059	2.02e-31	0.999543059	100	99.95430552	NA	GATK4	NA	HGG13	DNAH2	NA	not_detected	chr17	0.999580832	H13A1	not_detected
HLA-A02:01	.T.......	3.4079	IMEEVWYFL	9	0.3553	ENSG00000158486	ENST00000261383	T/M	1	00:00	16	20963718	3389	M	No	No	0.999731797	8.76e-4	0.998856	100	99.92940123	chr16.20963718.G>A	GATK4	Strelka	HGG13	DNAH3	chr16.20963718.G>A	positive	chr16	0.994640672	H13A2	positive
HLA-A02:01	........N	56.0526	IVVEFSSPV	9	0.6307	ENSG00000146282	ENST00000369536,ENST00000451155	N/-	1	8	6	87548637	135163	D	No	No	0.998937959	4.23e-118	0.998937959	100	99.89379547	NA	GATK4	NA	HGG13	RARS2	NA	not_detected	chr6	0.412306519	H13A3	not_detected
HLA-A02:01	.P.......	15.4589	LLPAHYETL	9	0.6443	ENSG00000106069	ENST00000222792,ENST00000409041,ENST00000412711,ENST00000421775,ENST00000424025,ENST00000433720,ENST00000539389	P/L	1	2	7	29509358	396e17	M	No	No	0.998863313	5.95e-30	0.998863313	100	99.88633088	chr7.29509358.C>T	GATK4	Strelka	HGG13	CHN2	chr7.29509358.C>T	positive	chr7	0.799043204	H13A4	not_detected
HLA-A02:01	PP.......	21.9542	CLSPPPTLL	9	0.7398	ENSG00000183914	ENST00000570791	-/X	2	0.047916667	17	7743278	762	F	No	No	0.99816889	4.68e-44	0.99816889	100	99.81688856	NA	GATK4	NA	HGG13	DNAH2	NA	not_detected	chr17	0.999650082	H13A5	positive
HLA-A02:01	E........	5.9005	KVEEALVLL	9	0.8994	ENSG00000197774	ENST00000561903,ENST00000568449	E/K	1	00:00	16	1775397	29218	M	No	No	0.995942005	3.39e-9	0.995942002	100	99.59419991	chr16.1775397.G>A	GATK4	Strelka	HGG13	EME2	chr16.1775397.G>A	not_detected	chr16	0.600986361	H13A6	not_detected
HLA-A02:01	.Q......	7.5694	FLGITNML	8	1.0303	ENSG00000187866	ENST00000394264	Q/L	1	00:00	9	68780820	219	M	No	No	0.992220861	8.06e-13	0.992	99	99.22208564	chr9.68780820.A>T	GATK4	Strelka	HGG13	FAM122A	chr9.68780820.A>T	positive	chr9	0.856325193	H13A7	positive
HLA-A02:01	..R......	3.0776	RLQPDRVAM	9	1.1447	ENSG00000100412	ENST00000216254,ENST00000396512	R/Q	1	3	22	41507892	9292	M	No	No	0.986299125	0.004550306	0.981748819	98	98.40551395	chr22.41507892.G>A	GATK4	Strelka	HGG13	ACO2	chr22.41507892.G>A	not_detected	chr22	0.672126809	H13A8	not_detected
HLA-A02:01	.T.......	7.2301	GMVLAEDGV	9	1.2201	ENSG00000171094	ENST00000389048,ENST00000618119	T/M	1	2	2	29226954	1012635	M	Yes	No	0.980149969	4.4e-12	0.980149969	98	98.01499646	chr2.29226954.G>A	GATK4	Strelka	HGG13	ALK	chr2.29226954.G>A	not_detected	chr2	0.67514407	H13A9	not_detected
HLA-A02:01	..T......	3.698	TVMTITVYA	9	1.2218	ENSG00000105388	ENST00000221992,ENST00000405816,ENST00000617332	T/M	1	3	19	41715887	314314314	M	No	No	0.979983916	2.05e-4	0.979778445	98	97.98832326	chr19.41715887.C>T	GATK4	Strelka	HGG13	CEACAM5	chr19.41715887.C>T	not_detected	chr19	0.728821255	H13A10	not_detected
HLA-A02:01	........S	11.5242	IQLAVFFFL	9	1.3723	ENSG00000174059	ENST00000367036	S/X	1	0.38125	1	207889756	28	F	No	No	0.958453191	2.08e-21	0.958453191	96	95.84531868	NA	GATK4	NA	HGG13	CD34	NA	positive	chr1	0.981288107	H13A11	positive
HLA-A02:01	........G	20.4444	GLRVVAIQV	9	1.5004	ENSG00000129682	ENST00000305414,ENST00000315930,ENST00000436198,ENST00000455663,ENST00000626909	G/V	1	9	X	138703039	6311610000000	M	No	No	0.924001494	8.88e-41	0.924001494	92	92.40014897	chrX.138703039.C>A	GATK4	Strelka	HGG13	FGF13	chrX.138703039.C>A	not_detected	chrX	0.559273147	H13A12	not_detected
HLA-A02:01	..P.......	2.2862	LLLPAHYETL	10	1.1744	ENSG00000106069	ENST00000222792,ENST00000409041,ENST00000412711,ENST00000421775,ENST00000424025,ENST00000433720,ENST00000539389	P/L	1	3	7	29509358	396e17	M	No	No	0.9841405	0.19294292	0.79119758	89	88.91990255	chr7.29509358.C>T	GATK4	Strelka	HGG13	CHN2	chr7.29509358.C>T	positive	chr7	0.922574036	H13B1	not_detected
HLA-A02:01	LE.....P..	0.6382	FCLSPPPTLL	10	0.1714	ENSG00000183914	ENST00000570791	-/X	3	0.048611111	17	7743278	762	F	No	No	0.999893045	0.998897421	9.96e-4	88	87.50442188	NA	GATK4	NA	HGG13	DNAH2	NA	not_detected	chr17	0.999760372	H13B2	not_detected
HLA-A02:01	T......S.	2.0412	SQIFFSLHL	9	1.2544	ENSG00000127530	ENST00000248073	F/X	2	0.25625	19	14799826	104	F	No	No	0.976523525	0.448681352	0.528	87	86.6986548	NA	GATK4	NA	HGG13	OR7C1	NA	not_detected	chr19	0.993854336	H13B3	not_detected
HLA-A02:01	........P	17.6667	GTIGLFLPL	9	1.6919	ENSG00000120903	ENST00000240132,ENST00000407991,ENST00000520933	P/L	1	9	8	27461651	508523501	M	No	No	0.823537399	9.55e-35	0.823537399	82	82.35373954	chr8.27461651.G>A	GATK4	Strelka	HGG13	CHRNA2	chr8.27461651.G>A	positive	chr8	0.951819674	H13B4	positive
HLA-A02:01	....K....	2.118	HLEQEEAFL	9	1.4196	ENSG00000038382	ENST00000344204,ENST00000509967,ENST00000512070,ENST00000513206	K/E	1	5	5	14369506	106710000000000	M	No	No	0.947945216	0.356634854	0.591310361	78	77.89100604	chr5.14369506.A>G	GATK4	Strelka	HGG13	TRIO	chr5.14369506.A>G	not_detected	chr5	0.082311004	H13B5	not_detected
HLA-A02:01	...Y.L...	0.1514	SLHLDAWTI	9	0.4677	ENSG00000127530	ENST00000248073	F/FX	2	0.047916667	19	14799826	104	F	No	No	0.99952962	0.999903223	-3.74e-4	75	74.96713952	NA	GATK4	NA	HGG13	OR7C1	NA	positive	chr19	0.694685417	H13B6	positive
HLA-A02:01	....T.VL.	3.6963	HLDAWTIYS	9	1.8235	ENSG00000127530	ENST00000248073	F/FX	3	0.047916667	19	14799826	104	F	No	No	0.707340015	2.07e-4	0.70713279	71	70.73216893	NA	GATK4	NA	HGG13	OR7C1	NA	not_detected	chr19	0.507090651	H13B7	not_detected
HLA-A02:01	..P......	1.9141	LLLPAHYET	9	0.9026	ENSG00000106069	ENST00000222792,ENST00000409041,ENST00000412711,ENST00000421775,ENST00000424025,ENST00000433720,ENST00000539389	P/L	1	3	7	29509358	396e17	M	No	No	0.995876825	0.605754267	0.390122558	69	69.4248504	chr7.29509358.C>T	GATK4	Strelka	HGG13	CHN2	chr7.29509358.C>T	positive	chr7	0.799043204	H13B8	not_detected
HLA-A02:01	........R	11.034	VLHFPLVNC	9	1.8508	ENSG00000168907	ENST00000397272	R/C	1	00:00	15	42142555	768	M	No	No	0.678306495	2.42e-20	0.678306495	68	67.83064924	chr15.42142555.G>A	GATK4	Strelka	HGG13	PLA2G4F	chr15.42142555.G>A	not_detected	chr15	0.952178111	H13B9	not_detected
HLA-A02:01	..Q......	2.4562	FFLGITNML	9	1.8218	ENSG00000187866	ENST00000394264	Q/L	1	3	9	68780820	219	M	No	No	0.709096494	0.0927	0.616387689	68	67.62267473	chr9.68780820.A>T	GATK4	Strelka	HGG13	FAM122A	chr9.68780820.A>T	positive	chr9	0.916714681	H13B10	positive
HLA-A02:01	.......SV	0.6782	QLAVFFFLL	9	1.6276	ENSG00000174059	ENST00000367036	S/X	2	0.339583333	1	207889756	28	F	No	No	0.865529894	0.998653635	-0.133123741	65	64.94387476	NA	GATK4	NA	HGG13	CD34	NA	not_detected	chr1	0.989056543	H13B11	not_detected
HLA-A02:01	........D.	4.0014	LLGFSHLANL	10	1.9463	ENSG00000206474	ENST00000444197,ENST00000622521	D/N	1	9	6	29440076	2123	M	No	No	0.56672462	4.51e-5	0.566679539	57	56.67118435	chr6.29440076.G>A	NA	Strelka	HGG13	OR10C1	chr6.29440076.G>A	not_detected	chr6	0.802846006	H13B12	not_detected
HLA-A02:01	....V.....	1.5721	FLTGISQNYA	10	1.354	ENSG00000158486	ENST00000261383	V/I	1	5	16	20935410	3979	M	No	No	0.961947753	0.894683507	0.067264246	53	53.1628356	chr16.20935410.C>T	NA	Strelka	HGG13	DNAH3	chr16.20935410.C>T	not_detected	chr16	0.482773134	H13C1	not_detected
HLA-A02:01	......V...	1.7552	ALGALLILQL	10	1.6533	ENSG00000204301	ENST00000375023	V/I	1	7	6	32199062	1467	M	No	No	0.849859561	0.772766709	0.077092852	52	52.1487971	chr6.32199062.C>T	NA	Strelka	HGG13	NOTCH4	chr6.32199062.C>T	not_detected	chr6	0.966477696	H13C2	not_detected
HLA-A02:01	.......V..	1.9582	IVFPIIVIVV	10	1.8234	ENSG00000063127	ENST00000335875,ENST00000454748,ENST00000598828	V/I	1	8	19	49293272	577577122	M	No	No	0.707443509	0.552060633	0.155382876	51	51.21676512	chr19.49293272.C>T	GATK4	Strelka	HGG13	SLC6A16	chr19.49293272.C>T	positive	chr19	0.962985812	H13C3	positive
HLA-A02:01	....R....	1.2606	YLRLQPDRV	9	0.7373	ENSG00000100412	ENST00000216254,ENST00000396512	R/Q	1	00:00	22	41507892	9292	M	No	No	0.998191595	0.975802243	0.022389352	51	51.11727943	chr22.41507892.G>A	GATK4	Strelka	HGG13	ACO2	chr22.41507892.G>A	positive	chr22	0.673623597	H13C4	positive
HLA-A02:01	......F...	1.2348	YLDATFSPCL	10	1.0134	ENSG00000107959	ENST00000224949,ENST00000380989,ENST00000451104	F/S	1	7	10	3165440	169169137	M	No	No	0.992846682	0.97866833	0.014178352	51	50.70128778	chr10.3165440.A>G	NA	Strelka	HGG13	PITRM1	chr10.3165440.A>G	not_detected	chr10	0.941280903	H13C5	not_detected
HLA-A02:01	Y........	0.0479	NIYPNIIAM	9	0.623	ENSG00000171862	ENST00000371953	Y/N	1	1	10	87864548	27	M	Yes	No	0.999	1	-9.64e-4	50	49.95178244	chr10.87864548.T>A	GATK4	Strelka	HGG13	PTEN	NA	not_detected	chr10	0.755054716	H13C6	not_detected
HLA-A02:01	..A......	0.7637	AVVGPLPTM	9	0.8467	ENSG00000134250	ENST00000256646	A/V	1	3	1	119915724	2333	M	Yes	No	0.997	0.998	-0.00106	50	49.94678458	chr1.119915724.G>A	GATK4	Strelka	HGG13	NOTCH2	NA	not_detected	chr1	0.930868966	H13C7	not_detected
HLA-A02:01	......Q...	0.615	TLAELVRYYM	10	0.833	ENSG00000179295	ENST00000351677,ENST00000392597,ENST00000635625	Q/R	1	00:00	12	112450416	797979	M	Yes	No	0.997	0.999	-0.00193	50	49.90320849	chr12.112450416.A>G	GATK4	NA	HGG13	PTPN11	NA	positive	chr12	0.763223523	H13C8	positive
HLA-A02:01	I........	1.2206	VMFIGVNLT	9	1.4353	ENSG00000198804	ENST00000361624	I/V	1	1	MT	7149	416	M	No	No	0.944	0.98010127	-0.036168682	48	48.13578218	chrM.7149.A>G	GATK4	NA	HGG13	MT-COX1	chrM.7149.A>G	not_detected	chrM	0.803793605	H13C9	not_detected
HLA-A02:01	.I.......	1.1963	TVMFIGVNL	9	1.5533	ENSG00000198804	ENST00000361624	I/V	1	2	MT	7149	416	M	No	No	0.903	0.982	-0.0791	46	45.95853434	chrM.7149.A>G	GATK4	NA	HGG13	MT-COX1	chrM.7149.A>G	not_detected	chrM	0.803793605	H13C10	not_detected
